{
    "generalItem": {
        "school": [
            {
                "school1": "govt school1"
            },
            {
                "school2": "govt school2"
            },
            {
                "school3": "govt school3"
            }
        ],
        "college": [
            {
                "school1": "govt college1"
            },
            {
                "school2": "govt college2"
            },
            {
                "school3": "govt college3"
            }
        ]
    }
}